,latent_dim_1,latent_dim_2,latent_dim_3,latent_dim_4,latent_dim_5,latent_dim_6,latent_dim_7,latent_dim_8,latent_dim_9,latent_dim_10,latent_dim_11,latent_dim_12,latent_dim_13,latent_dim_14,latent_dim_15,latent_dim_16,latent_dim_17,latent_dim_18,latent_dim_19,latent_dim_20,latent_dim_21,latent_dim_22,latent_dim_23,latent_dim_24,latent_dim_25,latent_dim_26,latent_dim_27,latent_dim_28,latent_dim_29,latent_dim_30,latent_dim_31,latent_dim_32,latent_dim_33,latent_dim_34,latent_dim_35,latent_dim_36,latent_dim_37,latent_dim_38,latent_dim_39,latent_dim_40,latent_dim_41,latent_dim_42,latent_dim_43,latent_dim_44,latent_dim_45,latent_dim_46,latent_dim_47,latent_dim_48,latent_dim_49,latent_dim_50,tissue
1627,-0.3124583959579468,-0.05475615710020065,-0.08099541068077087,-0.1145295798778534,-0.36776673793792725,0.2574206292629242,-0.15182612836360931,-0.10049749910831451,0.18430127203464508,0.2591221034526825,-0.1460544615983963,-0.07802039384841919,-0.1124640628695488,-0.132300466299057,0.1127120852470398,0.13990932703018188,-0.17764437198638916,-0.26111456751823425,-0.03900482505559921,-0.0688488557934761,-0.15210558474063873,0.03967897593975067,0.04014217481017113,-0.050389956682920456,-0.09115836769342422,-0.11982113122940063,-0.11105707287788391,0.21116380393505096,-0.3961690664291382,0.03439800813794136,-0.24655099213123322,0.062285296618938446,0.027499502524733543,-0.41744673252105713,0.24184878170490265,-0.22537297010421753,0.2354576140642166,-0.08645548671483994,-0.025063537061214447,0.03987507149577141,0.13058212399482727,-0.20048749446868896,0.04788331314921379,0.04232535511255264,0.1026357114315033,-0.030076518654823303,-0.035271450877189636,0.08322924375534058,0.2150786966085434,-0.25421205163002014,testis
111,0.08683624118566513,0.1024061068892479,-0.03271546959877014,0.06031612306833267,0.06351274996995926,-0.009656598791480064,0.07458899170160294,0.08961300551891327,-0.026863811537623405,-0.02012738585472107,-0.06488779932260513,-0.22425806522369385,-0.042180128395557404,0.0630967915058136,-0.003962771967053413,0.013113829307258129,-0.30957382917404175,-0.15016455948352814,0.1302948147058487,-0.12476122379302979,0.1952037364244461,-0.009805572219192982,0.13035616278648376,-0.03126291185617447,0.0821174830198288,0.12127339094877243,0.0016672483179718256,-0.07720129936933517,0.15512944757938385,0.06960558146238327,-0.050874218344688416,0.002697083866223693,-0.08550287038087845,-0.0025123204104602337,0.29978397488594055,-0.12957197427749634,0.021081240847706795,0.023031244054436684,-0.07214443385601044,0.13083302974700928,0.20579275488853455,-0.36779046058654785,0.05062276870012283,-0.14297382533550262,0.2254582941532135,-0.04114251211285591,0.1388310045003891,-0.022041551768779755,-0.1633218675851822,0.1030380055308342,adipose_visceral_omentum
555,0.18498194217681885,-0.04699673876166344,-0.2385774403810501,-0.013369947671890259,-0.1939740777015686,0.0572485625743866,0.0009755307110026479,0.20177440345287323,-1.7540878616273403e-05,-0.07324735820293427,0.02386370487511158,-0.285233736038208,0.009800702333450317,0.0540677048265934,0.15767277777194977,0.03228505700826645,-0.0065034846775233746,-0.08885359764099121,-0.05362185463309288,-0.10815882682800293,0.05311978608369827,-0.15642252564430237,-0.09631381928920746,0.037541501224040985,-0.03864401578903198,-0.024034518748521805,-0.025169897824525833,0.12524090707302094,-0.05718035623431206,-0.4023776352405548,0.10164514929056168,-0.015195436775684357,0.04059610888361931,-0.06578823179006577,-0.08814408630132675,-0.030741877853870392,-0.3146505057811737,-0.05237090587615967,-0.10535455495119095,0.19376401603221893,0.06535089761018753,-0.14154991507530212,0.019854949787259102,-0.23056070506572723,0.1213776171207428,-0.05276836082339287,-0.0835743173956871,-0.0836508572101593,-0.15569238364696503,-0.1308830976486206,breast_mammary_tissue
527,-0.012412408366799355,-0.15974906086921692,-0.25688377022743225,-0.16658854484558105,-0.4346640706062317,0.11597076058387756,-0.2160489708185196,0.09956220537424088,0.04330410435795784,0.03722662851214409,-0.1850818395614624,0.023257285356521606,-0.1441746950149536,0.01851370744407177,0.14653053879737854,-0.16048526763916016,-0.10768815129995346,-0.01096193864941597,-0.019970525056123734,0.0002927402965724468,0.21587210893630981,-0.01135820522904396,0.004769202321767807,0.20757398009300232,-0.12958566844463348,-0.13135863840579987,0.055077310651540756,0.08373312652111053,-0.04664493352174759,-0.22829706966876984,0.23271293938159943,0.006832940969616175,0.16184896230697632,-0.15320050716400146,-0.12778033316135406,0.08592893183231354,-0.0777677446603775,-0.15110041201114655,-0.29449066519737244,0.22856174409389496,-0.19454815983772278,-0.15986815094947815,-0.2038842886686325,-0.1443314105272293,0.07553482055664062,0.0026358331087976694,-0.04429112747311592,-0.3649711608886719,-0.12259887158870697,0.011094724759459496,breast_mammary_tissue
1701,0.20254574716091156,-0.04245990514755249,-0.11002522706985474,-0.044976040720939636,-0.21354427933692932,0.031004702672362328,0.1801760047674179,-0.15349705517292023,0.0033619157038629055,-0.0010174578055739403,-0.06084372103214264,-0.008509695529937744,-0.06339254230260849,-0.1175151914358139,0.17580309510231018,0.045281827449798584,-0.012802770361304283,0.03371812030673027,-0.15073712170124054,-0.17166662216186523,0.16470712423324585,-0.0752539187669754,-0.006844143383204937,0.026947319507598877,0.09654577076435089,-0.13059352338314056,-0.22368600964546204,-0.21911783516407013,-0.22828295826911926,-0.16035795211791992,-0.0031890785321593285,0.03386785089969635,-0.1361437737941742,-0.08082324266433716,-0.13249081373214722,-0.15737371146678925,0.051495086401700974,0.08147689700126648,0.07463601976633072,-0.07093286514282227,-0.08478815853595734,-0.08507364243268967,-0.25228604674339294,-0.08902671188116074,-0.1579114943742752,-0.007923480123281479,0.09083372354507446,0.014612657949328423,-0.05520330369472504,-0.09447458386421204,nerve_tibial
1107,0.02036466635763645,0.011372506618499756,-0.15434513986110687,0.25981244444847107,0.06365934014320374,-0.02366943284869194,0.0695660412311554,0.049904294312000275,-0.03541383519768715,0.17841334640979767,0.030201926827430725,-0.0922044888138771,0.09936694800853729,-0.2160940170288086,-0.17433616518974304,0.10321186482906342,-0.06297028064727783,0.010072767734527588,0.007662979420274496,-0.11856047064065933,0.16015078127384186,-0.1715278923511505,-0.04599723964929581,0.028942076489329338,0.18612757325172424,-0.04399967938661575,0.0019213950727134943,0.15122582018375397,0.0010540230432525277,0.017040306702256203,-0.10795466601848602,0.07536285370588303,-0.08248245716094971,-0.08694301545619965,-0.07806793600320816,0.03857703134417534,-0.1369793564081192,-0.08672376722097397,-0.0747503861784935,-0.029469670727849007,0.09789790213108063,0.025763781741261482,0.0733640119433403,-0.01945185661315918,0.05298224836587906,-0.03619695454835892,-0.05632283538579941,0.05103818327188492,-0.12793859839439392,-0.006035814061760902,thyroid
70,0.10974738746881485,0.16184988617897034,0.20314504206180573,0.0465192049741745,-0.31663811206817627,0.15616253018379211,0.2059594839811325,0.12255991250276566,0.06629058718681335,-0.07085364311933517,-0.26422950625419617,-0.1331808716058731,-0.13935686647891998,0.069490447640419,-0.08547672629356384,-0.0448513925075531,-0.014770152047276497,-0.16245655715465546,0.11966463178396225,-0.17695719003677368,0.11193590611219406,0.10866327583789825,-0.04839184135198593,0.011903380043804646,0.1974629908800125,-0.0028162519447505474,0.12850193679332733,-0.059984590858221054,0.14799681305885315,-0.13967765867710114,0.01744203083217144,-0.11422719061374664,0.14358660578727722,0.10890502482652664,0.09287188947200775,-0.033171236515045166,-0.17730163037776947,-0.14001081883907318,0.017790619283914566,0.13159583508968353,-0.09325205534696579,-0.03262484073638916,-0.1298922300338745,-0.23013384640216827,0.1049695685505867,0.17039744555950165,0.15912765264511108,-0.23092211782932281,-0.170731782913208,-0.06539705395698547,adipose_subcutaneous
251,-0.018885234370827675,0.2682574689388275,0.03191939368844032,0.10025723278522491,-0.14344248175621033,0.05243392661213875,0.2214912623167038,0.06844018399715424,-0.2664106488227844,0.10552950948476791,-0.1352665275335312,-0.09019677340984344,0.11617369204759598,0.10300852358341217,0.22743786871433258,0.049554720520973206,-0.25576168298721313,0.14055097103118896,-0.01883399859070778,0.16162043809890747,-0.011901361867785454,-0.03900609910488129,-0.18678414821624756,0.21793019771575928,0.09938234090805054,0.07318397611379623,0.12596362829208374,-0.34671881794929504,0.013149457983672619,-0.04980434477329254,0.04214361310005188,-0.27543503046035767,-0.20320188999176025,0.14340424537658691,0.058364223688840866,0.022037839516997337,-0.16175071895122528,0.11997374892234802,-0.23808054625988007,0.037203412503004074,0.08637408167123795,-0.12348546087741852,0.070887491106987,-0.1420387327671051,0.21358762681484222,0.21029067039489746,0.1159830242395401,-0.0642738863825798,-0.1463293731212616,0.0003133006684947759,artery_tibial
1321,-0.07035622000694275,-0.015474028885364532,0.09963498264551163,-0.22186537086963654,0.18929165601730347,-0.12037812918424606,-0.198680579662323,0.007612468674778938,-0.22303760051727295,0.026904622092843056,0.09520573168992996,0.04943682625889778,0.09992678463459015,0.039101216942071915,-0.07737722247838974,-0.02526792883872986,-0.08347950130701065,0.19248726963996887,0.11218190938234329,0.056956276297569275,0.41563427448272705,0.04274136200547218,0.03970137611031532,0.1957894116640091,-0.16519586741924286,0.28645843267440796,0.08355497568845749,-0.343479186296463,0.0609087236225605,0.11117936670780182,-0.007812291383743286,-0.09513736516237259,-0.0013986998237669468,-0.10863104462623596,0.09772779792547226,0.0822056457400322,-0.01569322496652603,0.030387064442038536,-0.002719548065215349,0.0470881350338459,0.06011047959327698,0.06553970277309418,0.02969582937657833,0.061739709228277206,-0.03513704240322113,0.1717844158411026,0.06114587187767029,-0.019963577389717102,-0.16058659553527832,-0.019628319889307022,esophagus_mucosa
1184,0.043127693235874176,-0.0013648096937686205,-0.18522027134895325,0.012107610702514648,0.1847480982542038,-0.08324085921049118,-0.014372175559401512,0.22786588966846466,-0.06445170938968658,0.04631252959370613,0.286505788564682,-0.19817064702510834,0.16089922189712524,0.14545540511608124,-0.25985559821128845,-0.028066858649253845,-0.12328468263149261,-0.05244486406445503,0.06829269975423813,0.02004133351147175,-0.2889205813407898,0.12091780453920364,-0.03647332265973091,0.002836050698533654,0.09140828251838684,-0.08753500878810883,-0.016291912645101547,0.09981285780668259,0.16730548441410065,-0.2066844403743744,0.066892109811306,-0.00970635749399662,-0.020347239449620247,-0.17479518055915833,0.028547048568725586,0.04055451601743698,-0.1592119336128235,-0.1705518215894699,-0.3762028217315674,0.22513486444950104,0.02881891466677189,-0.19003883004188538,0.10323240607976913,0.14026910066604614,0.27416008710861206,-0.06894936412572861,0.3614315986633301,-0.2135072499513626,-0.07357846945524216,-0.11095396429300308,lung
1608,-0.07990223914384842,-0.15898112952709198,0.06859670579433441,0.04660153016448021,-0.278955340385437,-0.010357491672039032,-0.13850802183151245,0.006722236052155495,0.17547443509101868,0.15639474987983704,0.02618716098368168,0.013400597497820854,-0.11616969108581543,-0.018739936873316765,-0.0627640038728714,0.06843765825033188,0.14051192998886108,-0.1749158352613449,-0.05480822175741196,-0.14056959748268127,-0.05452436953783035,0.02823682688176632,0.013739978894591331,-0.07559091597795486,-0.040123239159584045,-0.24166524410247803,-0.05395282804965973,0.09999207407236099,-0.2615067660808563,0.07305614650249481,0.06861922144889832,0.07419146597385406,0.07385195791721344,-0.06648974120616913,0.034808576107025146,0.011676901020109653,0.08705921471118927,-0.06680820882320404,0.21837930381298065,-0.1248336136341095,-0.0458013117313385,0.1494208574295044,0.05901290103793144,0.1479971706867218,0.1242440864443779,-0.18634139001369476,-0.03814166784286499,-0.14288198947906494,0.1357407569885254,-0.25133371353149414,testis
1570,0.022631101310253143,-0.2038051038980484,-0.0992637649178505,-0.03090154193341732,0.06224161013960838,-0.08052866905927658,-0.1610947549343109,0.2520564794540405,0.10540775954723358,0.10174017399549484,0.04545293003320694,0.058963920921087265,0.0712427943944931,0.10054190456867218,0.021044984459877014,-0.13525013625621796,0.14321719110012054,0.25614026188850403,0.22275173664093018,-0.22864128649234772,-0.08371404558420181,-0.29136422276496887,0.23516249656677246,0.07584527879953384,-0.3982180058956146,-0.05031409114599228,0.22502310574054718,0.30450865626335144,-0.18885479867458344,-0.1308797001838684,0.08673837035894394,-0.0443875677883625,-0.0775047168135643,-0.054558802396059036,-0.0046544126234948635,0.14222049713134766,0.011930066160857677,0.11105532199144363,0.09233283996582031,-0.08223594725131989,0.16559000313282013,-0.014692239463329315,-0.036359500139951706,0.15891671180725098,0.16608409583568573,-0.33035990595817566,0.04688359424471855,-0.25673454999923706,-0.2822182774543762,0.16519568860530853,prostate
324,-0.009265182539820671,0.09422440826892853,0.05532977730035782,0.050794992595911026,0.13493166863918304,-0.02000419981777668,0.323321133852005,0.09125097095966339,-0.14231634140014648,-0.13055597245693207,-0.15575996041297913,-0.04508223384618759,0.2686368525028229,0.052240654826164246,0.12039512395858765,-0.1133488267660141,-0.19105370342731476,0.13776451349258423,0.1611262559890747,0.07409179210662842,0.23558461666107178,-0.07530888170003891,-0.06809409707784653,0.15453019738197327,0.08966796845197678,0.2219856232404709,0.011552762240171432,-0.03337620571255684,0.08574201166629791,0.09695945680141449,0.04878321290016174,-0.2608798146247864,-0.17310115694999695,0.005964470095932484,-0.06398031115531921,-0.1369933933019638,0.01135275512933731,0.1354813575744629,-0.07119549065828323,0.14034463465213776,-0.08846645802259445,-0.21125395596027374,0.0075600640848279,-0.2886017858982086,0.15822631120681763,0.3440124988555908,0.04150669276714325,0.03534163907170296,-0.09766820818185806,-0.11266227066516876,artery_tibial
128,-0.01151017751544714,0.25643467903137207,-0.03892868757247925,0.03896094858646393,-0.10659892857074738,0.08680907636880875,0.05536114424467087,0.23004063963890076,0.03221476823091507,0.06651115417480469,-0.42487531900405884,-0.09283135831356049,-0.13473843038082123,0.25909122824668884,-0.005759534426033497,0.05545837804675102,-0.17450116574764252,-0.05543845519423485,-0.04487571865320206,-0.001178991049528122,0.041688788682222366,0.021256480365991592,-0.08617530763149261,0.18988610804080963,0.21547020971775055,-0.15678931772708893,-0.009013792499899864,0.009130578488111496,0.2596045434474945,-0.24594885110855103,0.09270239621400833,-0.12156091630458832,-0.03449957072734833,-0.04412484169006348,0.06453320384025574,-0.18725131452083588,-0.3699663579463959,0.01567058265209198,0.022908063605427742,-0.12341639399528503,0.07051357626914978,-0.0470157228410244,-0.25469568371772766,-0.035782210528850555,0.1550353765487671,-0.01567211002111435,-0.24016988277435303,0.07101703435182571,0.09264227002859116,0.13337935507297516,adipose_subcutaneous
196,0.11634579300880432,0.02938915230333805,0.26224127411842346,-0.1533815562725067,0.131063312292099,0.24868862330913544,0.17283324897289276,-0.025241663679480553,-0.01297729555517435,-0.13899491727352142,-0.20371398329734802,-0.029048997908830643,0.0889861136674881,-0.08913633972406387,0.2404070496559143,-0.06809642165899277,0.12727969884872437,0.27749788761138916,0.1653551459312439,0.028706878423690796,0.13527008891105652,0.1959875077009201,0.10010042041540146,0.2650481164455414,0.06859872490167618,0.09180597960948944,0.11770298331975937,0.014542522840201855,0.050975948572158813,-0.04512675851583481,0.18165795505046844,-0.20363004505634308,-0.17117249965667725,0.13255642354488373,0.2362285703420639,-0.2073669135570526,0.018909523263573647,0.16420507431030273,-0.010911270044744015,0.22170060873031616,0.03437686711549759,-0.16576053202152252,-0.19623281061649323,-0.2100408971309662,0.24617044627666473,0.15881837904453278,0.024118317291140556,-0.16750159859657288,-0.1836109459400177,0.20640169084072113,muscle_skeletal
1839,0.08485034108161926,-0.020441118627786636,-0.20088772475719452,0.2131444364786148,0.22606295347213745,0.13817545771598816,-0.04203074052929878,0.09664404392242432,0.15952037274837494,-0.2770916521549225,0.03467417135834694,-0.1521216183900833,0.08292663097381592,-0.019426487386226654,-0.1611367166042328,-0.11650910973548889,-0.07583122700452805,-0.20638258755207062,0.016051407903432846,-0.14026589691638947,0.07503324002027512,0.040801167488098145,0.10202161967754364,-0.21356870234012604,0.22719107568264008,-0.3323810398578644,0.12673169374465942,0.20751148462295532,0.08823356032371521,-0.2521837055683136,0.07280780375003815,0.25825175642967224,0.06440717726945877,0.2047123908996582,0.12158331274986267,0.07704555988311768,0.06742604821920395,-0.28977006673812866,-0.06944897770881653,0.12467823922634125,0.207168310880661,0.1363534927368164,0.10159929096698761,0.03320799395442009,0.07470833510160446,-0.06495200097560883,0.1109875813126564,-0.2934066653251648,0.2112533003091812,0.11686089634895325,cells_ebv-transformed_lymphocytes
1035,-0.14646314084529877,-0.05156461149454117,-0.14853675663471222,-0.10524056106805801,-0.17360913753509521,-0.09358859807252884,-0.06559944152832031,-0.2061014622449875,0.09263186156749725,0.24335406720638275,0.13843019306659698,0.1162569671869278,-0.16089709103107452,0.05151093378663063,-0.19035285711288452,0.0624062679708004,0.06917326897382736,-0.051854781806468964,-0.17255140841007233,-0.16517166793346405,-0.06697572022676468,-0.13929077982902527,-0.10038931667804718,-0.06747043877840042,-0.21145284175872803,-0.07205461710691452,-0.1298895627260208,0.10909803211688995,0.03101181425154209,0.0980277955532074,-0.09592293202877045,0.13196741044521332,0.10446876287460327,-0.13946464657783508,-0.0583554245531559,0.17636103928089142,0.05478333309292793,-0.10529962927103043,0.1651410460472107,-0.27525919675827026,-0.18919284641742706,0.1634850949048996,-0.0030006084125488997,0.10584285855293274,-0.10070542246103287,0.1805054247379303,-0.10260925441980362,0.10234209150075912,-0.015578181482851505,-0.17592433094978333,brain_cerebellum
1646,-0.08589252829551697,-0.20473231375217438,0.025177739560604095,0.21742311120033264,-0.15978960692882538,0.01979096047580242,-0.1109093651175499,-0.023188604041934013,0.16782215237617493,-0.015808040276169777,0.005015713162720203,0.1539502739906311,-0.05509515479207039,-0.12869128584861755,-0.09649764001369476,0.04814595729112625,-0.019362758845090866,-0.1578497290611267,-0.10296516865491867,-0.13086913526058197,-0.06704573333263397,-0.04479154944419861,-0.0962945744395256,-0.10787108540534973,-0.11774806678295135,-0.20541954040527344,-0.05503802001476288,0.20203442871570587,-0.15138943493366241,0.03684774413704872,0.056996993720531464,0.005428403150290251,0.11741328239440918,-0.09713944792747498,-0.020700473338365555,0.07468421012163162,0.07228551805019379,-0.06606601178646088,0.056372106075286865,-0.03478223830461502,-0.13550154864788055,0.07916340231895447,0.1201167181134224,0.04501673951745033,-0.03142554312944412,-0.17009076476097107,-0.0746874287724495,0.026771141216158867,0.11972039937973022,-0.21041908860206604,testis
438,0.25644010305404663,-0.02973303571343422,0.04517096281051636,-0.38193538784980774,0.15826894342899323,0.06629174202680588,0.11125490814447403,0.13668355345726013,-0.18700721859931946,-0.12027483433485031,-0.11790714412927628,-0.22292980551719666,0.1130213662981987,0.09875175356864929,0.027823712676763535,-0.14560461044311523,-0.12321744114160538,0.26315489411354065,0.21451693773269653,-0.0036350684240460396,0.2849885821342468,0.1332634538412094,0.2601242661476135,-0.07668022811412811,0.1543693095445633,0.12275946140289307,0.0025162952952086926,-0.18084245920181274,0.0245981365442276,-0.2537253499031067,0.09126643091440201,0.10264932364225388,-0.11353620141744614,0.09877442568540573,0.12002240121364594,-0.036479320377111435,-0.24510708451271057,0.14205008745193481,-0.031509727239608765,0.10554856061935425,0.10433419048786163,-0.13471321761608124,-0.18945883214473724,-0.006986063905060291,-0.005407161079347134,-0.09142392128705978,0.21092192828655243,-0.14342215657234192,-0.025303419679403305,0.11291693896055222,heart_left_ventricle
1331,0.0826975554227829,0.011641064658761024,0.06174340844154358,-0.31449633836746216,-0.003182787913829088,-0.011176779866218567,-0.2243574559688568,0.16337500512599945,-0.22014811635017395,0.08280386030673981,0.00746329128742218,0.09623970091342926,0.12213300168514252,0.1838809847831726,0.0688687339425087,0.14815346896648407,-0.12252967804670334,0.031474970281124115,-0.1539078950881958,0.08608513325452805,0.2669164538383484,0.1457364708185196,0.162227600812912,-0.10945027321577072,-0.1145302951335907,0.27916598320007324,-0.044024404138326645,-0.10635676980018616,0.21122616529464722,-0.05666071176528931,-0.04283783584833145,-0.1705242544412613,0.033591385930776596,-0.049420807510614395,0.1382301300764084,0.22784589231014252,-0.00039644830394536257,0.1047654077410698,-0.14169800281524658,0.056487757712602615,0.20038549602031708,0.11115379631519318,0.03975388780236244,0.18592685461044312,-0.020356236025691032,0.19954724609851837,-0.11999374628067017,-0.025106223300099373,-0.040312252938747406,0.19577667117118835,esophagus_mucosa
1099,0.08922683447599411,0.02638724073767662,-0.0718110054731369,0.2096220850944519,-0.12929828464984894,-0.13327129185199738,0.06461089849472046,0.10431894659996033,-0.12703658640384674,0.10723062604665756,0.13740339875221252,0.016799811273813248,0.08426263928413391,-0.11829914897680283,-0.2290082722902298,0.07642371207475662,0.009901241399347782,0.0038564959540963173,0.12951461970806122,-0.28576645255088806,0.1668788492679596,-0.14719116687774658,0.02614695392549038,0.05161649361252785,0.11640455573797226,0.03741682320833206,0.10904783010482788,-0.018336107954382896,0.027725504711270332,0.08597412705421448,0.013132262043654919,0.07124900817871094,-0.14838486909866333,-0.20758529007434845,-0.02863571047782898,0.0059539638459682465,-0.13246265053749084,-0.08831645548343658,-0.009005202911794186,-0.012666979804635048,0.047013405710458755,0.041879646480083466,0.17947831749916077,0.039614539593458176,0.07990562915802002,-0.08829828351736069,-0.07610046863555908,0.05231349542737007,-0.03693438693881035,-0.04987163841724396,thyroid
331,-0.07588454335927963,0.20531615614891052,0.02774806134402752,0.1155107319355011,0.1470155566930771,-0.13746948540210724,0.3465302586555481,0.003005398903042078,-0.1354200690984726,-0.19864171743392944,-0.14859174191951752,-0.18571990728378296,0.09679437428712845,0.00791811291128397,0.14506895840168,-0.009624198079109192,-0.3224685490131378,0.21070823073387146,0.041783373802900314,0.06280191987752914,0.11892286688089371,-0.0197804793715477,-0.054779548197984695,0.3057655692100525,0.2117798626422882,0.1489623486995697,0.003544087056070566,-0.09346626698970795,0.08192616701126099,-0.038460761308670044,-0.039910152554512024,-0.1718977838754654,0.05190305411815643,-0.12979625165462494,-0.04743373394012451,-0.2112637609243393,-0.2391231656074524,0.024469120427966118,-0.09016519039869308,0.14834029972553253,-0.2210187315940857,-0.09805187582969666,0.018227331340312958,0.0048661925829946995,0.2913832664489746,0.2612486779689789,-0.06594987958669662,-0.004177839495241642,-0.14225977659225464,0.27644941210746765,artery_tibial
1264,-0.12588460743427277,0.018561413511633873,0.09738896787166595,-0.26824963092803955,-0.23562034964561462,-0.0050723375752568245,-0.18533474206924438,-0.07478933036327362,-0.18316751718521118,0.17960244417190552,0.019200876355171204,0.23159241676330566,0.14358307421207428,0.19376276433467865,0.3566243052482605,0.0035976225044578314,-0.00879785418510437,0.235128715634346,-0.23662109673023224,-0.09037573635578156,0.023766661062836647,-0.04093605652451515,-0.005995159037411213,0.2259334772825241,0.11018045991659164,0.005285261198878288,-0.03767687827348709,-0.17316408455371857,-0.07924438267946243,0.22803494334220886,-0.008302469737827778,-0.11131704598665237,0.14917424321174622,-0.14549028873443604,-0.2856404781341553,0.17769134044647217,-0.07482357323169708,0.028680454939603806,0.05783702805638313,-0.13138777017593384,0.02187524177134037,-0.014193071983754635,-0.1267046183347702,0.0898769348859787,-0.18729403614997864,0.03668884187936783,-0.31537553668022156,0.21160347759723663,-0.22276489436626434,0.25761306285858154,pancreas
533,0.11752555519342422,-0.09714221209287643,-0.17596271634101868,0.006316415965557098,-0.43615666031837463,-0.15975695848464966,-0.26288822293281555,0.25888553261756897,0.05669185146689415,-0.10113327205181122,-0.07584694027900696,-0.39058518409729004,0.15431036055088043,0.06351830065250397,0.0435667559504509,0.046012695878744125,0.061312902718782425,-0.017892364412546158,-0.091919906437397,-0.3532734215259552,0.24523918330669403,-0.10961006581783295,0.048758260905742645,0.2227945476770401,0.06540264189243317,-0.2819499969482422,-0.09411899000406265,0.1668476164340973,-0.3902473747730255,-0.38594263792037964,0.12543100118637085,-0.03430458530783653,0.1827521026134491,-0.07670233398675919,-0.15134938061237335,-0.054950255900621414,-0.34995487332344055,0.07241515815258026,-0.39282047748565674,0.2558756470680237,0.1947658360004425,-0.046714309602975845,-0.0524495430290699,-0.06369699537754059,0.3169039785861969,-0.13425838947296143,-0.17720066010951996,-0.029180018231272697,-0.26196786761283875,-0.2931315302848816,breast_mammary_tissue
1306,-0.009700847789645195,0.2619383633136749,0.08166702836751938,-0.23002304136753082,0.30154889822006226,-0.03845078870654106,-0.01817147061228752,0.11606310307979584,-0.013270603492856026,0.031676918268203735,-0.025337858125567436,-0.17567022144794464,0.27933257818222046,-0.18940173089504242,0.17792271077632904,-0.08821883797645569,-0.29642391204833984,0.1779494285583496,0.18301790952682495,0.044232968240976334,-0.2740257978439331,-0.14765766263008118,0.11304410547018051,0.06942098587751389,0.0790364146232605,0.37457194924354553,-0.07689172774553299,-0.44482532143592834,-0.1790320873260498,0.07754383981227875,-0.04273607209324837,-0.08872164040803909,-0.29015156626701355,0.004159132018685341,-0.06102955713868141,0.011393556371331215,-0.27582740783691406,0.07980349659919739,-0.2946245074272156,0.11078986525535583,0.24317120015621185,-0.09098409116268158,0.1272195279598236,6.86809653416276e-06,-0.0821085125207901,-0.08979726582765579,-0.006891921162605286,-0.1460064798593521,-0.04897434264421463,0.3272739350795746,esophagus_gastroesophageal_junction
471,0.14468032121658325,0.14598813652992249,0.09222742170095444,-0.24864532053470612,0.061899784952402115,0.21108366549015045,0.34061399102211,0.11383751034736633,-0.09530704468488693,-0.14913976192474365,-0.1144731268286705,0.013274249620735645,0.1464039832353592,-0.09120745956897736,-0.05549098551273346,-0.039265938103199005,-0.17930570244789124,0.20886166393756866,0.14791621267795563,0.042074333876371384,0.21773497760295868,-0.002760568168014288,0.37077075242996216,0.07630424201488495,0.022800283506512642,0.10410763323307037,0.30359503626823425,-0.0544903390109539,0.057550616562366486,-0.12265414744615555,0.13055986166000366,-0.20845334231853485,-0.2856486439704895,0.10621069371700287,0.11355260014533997,-0.10060358792543411,-0.07302854210138321,0.28097352385520935,-0.13513295352458954,0.07950591295957565,0.14213865995407104,-0.09428537636995316,-0.13215863704681396,0.08211261034011841,0.2276471108198166,-0.07023267447948456,0.147408589720726,-0.20287372171878815,0.09496848285198212,0.0707072988152504,heart_left_ventricle
135,0.012874411419034004,0.052079055458307266,-0.1428622603416443,-0.053186289966106415,-0.11958134174346924,-0.024359337985515594,-0.08225898444652557,-0.009259046986699104,-0.01748807728290558,-0.06646835803985596,-0.05933813750743866,-0.31019842624664307,-0.12563949823379517,0.30822455883026123,-0.12293221801519394,0.10147964954376221,-0.14570948481559753,-0.04650958627462387,0.028528116643428802,0.0718783587217331,-0.03258156031370163,0.09398064017295837,-0.09341780841350555,0.04091494157910347,0.117204450070858,0.019769905135035515,0.017237510532140732,-0.3179773688316345,0.4034469425678253,-0.09894289821386337,0.03578982502222061,-0.14630600810050964,-0.024282876402139664,0.06286422908306122,0.21880380809307098,-0.052905961871147156,-0.03411273658275604,-0.05605173110961914,0.004288875963538885,0.22275112569332123,0.34573307633399963,-0.1839885115623474,0.046519238501787186,-0.16435250639915466,0.33378279209136963,-0.010179007425904274,0.08264946192502975,-0.127354234457016,-0.010313717648386955,0.11726488918066025,adipose_visceral_omentum
1642,-0.10746432840824127,-0.11276329308748245,-0.14491289854049683,0.045111171901226044,-0.030103774741292,0.10757964104413986,-0.14615030586719513,-0.05834738165140152,0.12126923352479935,0.13728246092796326,0.046967968344688416,-0.06380722671747208,-0.1901675909757614,-0.08690989017486572,-0.10203467309474945,0.021918194368481636,0.10059497505426407,-0.11029346287250519,-0.20444488525390625,-0.1556873768568039,-0.05111151933670044,0.018429510295391083,-0.05174988880753517,-0.21675236523151398,-0.272213876247406,-0.09493884444236755,-0.05088113248348236,0.1030418798327446,-0.22362130880355835,-0.08285002410411835,-0.07725044339895248,0.15996934473514557,-0.08415551483631134,-0.07902208715677261,0.045830342918634415,-0.2094385176897049,0.19971121847629547,-0.14580851793289185,0.10852164030075073,-0.043340619653463364,0.09871259331703186,0.052598737180233,0.026869647204875946,0.0924568623304367,-0.004860356915742159,-0.16068503260612488,0.010305012576282024,0.07915404438972473,0.1047368124127388,-0.1581682711839676,testis
1445,0.03960200026631355,-0.11725512892007828,0.13242125511169434,-0.06664498895406723,0.1724843680858612,-0.044737059623003006,-0.18204455077648163,-0.14467689394950867,-0.1048373132944107,0.17816035449504852,-0.1779189109802246,0.19056464731693268,0.2188873589038849,0.176408052444458,0.0583903044462204,0.14460621774196625,0.06219100207090378,0.1796063631772995,0.18175356090068817,0.1995621621608734,-0.015674838796257973,0.06429988890886307,-0.013872582465410233,0.03211923688650131,0.08583968877792358,0.20476627349853516,0.3481840491294861,0.11729923635721207,-0.18941201269626617,0.24977469444274902,-0.09645625203847885,-0.2761251926422119,-0.0288087110966444,0.12671183049678802,0.06413008272647858,0.048149507492780685,0.07567094266414642,0.06983103603124619,0.003753651399165392,-0.11994530260562897,-0.009321707300841808,0.18433347344398499,0.016006559133529663,0.12767404317855835,0.010682441294193268,-0.1654229760169983,0.22774142026901245,-0.07112093269824982,0.21171554923057556,0.03018081933259964,stomach
1068,-0.1525048017501831,-0.07609222829341888,-0.33331170678138733,0.07503099739551544,-0.23951244354248047,-0.09931208938360214,-0.15539678931236267,0.011341908946633339,-0.1974601298570633,0.2080058455467224,0.06755268573760986,-0.043876953423023224,-0.036903128027915955,0.0028172051534056664,-0.13998541235923767,0.2339557707309723,0.042137183248996735,-0.004917217884212732,-0.1341954618692398,-0.030809219926595688,0.07808572053909302,-0.16317123174667358,-0.09655202180147171,-0.24107979238033295,0.05144381523132324,0.04846784844994545,-0.029559336602687836,0.01693539507687092,0.1617920696735382,0.014699753373861313,0.03732893615961075,0.25295963883399963,-0.03457110375165939,-0.0801158994436264,0.08570709824562073,0.1145525872707367,-0.05305023491382599,0.003923078998923302,0.07710281759500504,-0.10761860758066177,-0.07619865983724594,-0.09547071903944016,0.13286961615085602,-0.20968462526798248,0.08516807854175568,0.17255133390426636,-0.10619214922189713,0.03559039160609245,0.08584081381559372,-0.13539732992649078,adrenal_gland
1133,-0.05355912446975708,0.07464220374822617,-0.129693403840065,0.09189780056476593,0.03713348135352135,0.06373445689678192,0.03896162658929825,0.004813395440578461,-0.05339675024151802,0.1477169692516327,0.020035570487380028,0.05635465681552887,0.07825195789337158,0.012532135471701622,-0.19262516498565674,0.17227566242218018,-0.08835285156965256,0.006963632069528103,0.06847744435071945,-0.3464372456073761,0.1393769085407257,-0.13912203907966614,-0.003133003134280443,0.012516174465417862,-0.018260562792420387,0.04516962543129921,0.12153491377830505,0.08788241446018219,-0.03176259621977806,0.12047968804836273,0.04408739134669304,-0.03568863868713379,-0.170663982629776,-0.2690061926841736,-0.1481788009405136,0.01980162411928177,-0.04107210412621498,-0.04718334227800369,-0.1007004901766777,0.24325743317604065,0.026811743155121803,0.02958149090409279,0.12688542902469635,-0.042094577103853226,0.08211460709571838,-0.01107320562005043,0.10685490816831589,0.08118586987257004,0.08208761364221573,-0.20052655041217804,thyroid
1773,0.33703747391700745,0.02970808371901512,0.22846189141273499,0.30802997946739197,0.16086362302303314,0.3764851987361908,0.4043881893157959,-0.13979530334472656,0.32331353425979614,-0.05047963559627533,-0.2435678094625473,-0.01341504417359829,0.2915275990962982,0.4862872064113617,0.4474024176597595,-0.5185115933418274,-0.261211633682251,-0.03778347000479698,-0.1797894984483719,-0.03833206743001938,0.1307508647441864,0.12519890069961548,0.46653130650520325,-0.13116683065891266,0.37787002325057983,-0.4761887192726135,0.09914255887269974,0.27383628487586975,0.4168367087841034,-0.47239449620246887,0.19779030978679657,0.21085652709007263,-0.07922141999006271,0.027715276926755905,-0.04896574839949608,-0.08671068400144577,0.14040815830230713,-0.2864624857902527,-0.111872099339962,0.2770082652568817,-0.03586740046739578,-0.10065452009439468,-0.4291585385799408,0.1839628666639328,0.09576262533664703,0.36193278431892395,0.3327157497406006,-0.01290096715092659,0.01731780730187893,0.402386873960495,whole_blood
772,0.06258578598499298,0.032488130033016205,0.021287743002176285,0.13638798892498016,0.014972206205129623,-0.14842842519283295,0.25708502531051636,-0.2955150306224823,-0.047005169093608856,0.30903664231300354,-0.013101383112370968,0.05122648924589157,0.009544095024466515,-0.1534530371427536,-0.012001529335975647,0.1691669076681137,0.051108166575431824,-0.07196762412786484,-0.14266487956047058,-0.055413249880075455,0.020840171724557877,0.03755274415016174,-0.076689213514328,0.005373741500079632,0.16344691812992096,0.07902068644762039,-0.10855081677436829,-0.18735083937644958,-0.14554615318775177,0.12364529073238373,-0.03917288780212402,-0.12246665358543396,-0.22411027550697327,0.010723380371928215,-0.07052245736122131,0.055536556988954544,0.2035733461380005,0.21437275409698486,-0.0007280558347702026,-0.1485656201839447,-0.1977125108242035,-0.009111403487622738,-0.10164310038089752,0.07934285700321198,-0.17999520897865295,-0.10212311148643494,-0.09472116827964783,0.21120554208755493,0.04153077304363251,0.10608106851577759,brain_spinal_cord_cervical_c-1
1697,-0.008741801604628563,-0.03424642235040665,-0.16367469727993011,0.07722856849431992,0.056067198514938354,0.04468488693237305,0.20553027093410492,-0.17370650172233582,-0.0318460687994957,-0.051134467124938965,-0.004182892385870218,-0.11202021688222885,0.0013784663751721382,-0.22487996518611908,0.1035483330488205,-0.11187713593244553,0.11900756508111954,0.016429657116532326,-0.10771933943033218,-0.055502161383628845,-0.04119928926229477,0.021992405876517296,-0.22466978430747986,0.10083611309528351,0.16592693328857422,-0.19945156574249268,-0.03204202279448509,-0.06278027594089508,-0.12150117754936218,-0.30664926767349243,-0.04083991423249245,-0.02210814319550991,-0.20011091232299805,-0.042424581944942474,0.08083521574735641,-0.09783142805099487,0.005709884688258171,0.16375835239887238,0.028940560296177864,-0.1757591962814331,0.026749545708298683,-0.17950230836868286,-0.10849633067846298,-0.17367886006832123,0.2332124561071396,0.09961128234863281,0.05786031112074852,0.0451323464512825,-0.015273471362888813,-0.21613724529743195,nerve_tibial
788,-0.15420755743980408,-0.011210542172193527,-0.07941688597202301,-0.13624252378940582,-0.11228092759847641,-0.18603460490703583,-0.08763186633586884,-0.1557505577802658,-0.09295899420976639,0.05285244062542915,0.006972679868340492,0.16374871134757996,-0.21493738889694214,-0.1032203957438469,-0.05442960932850838,0.22330518066883087,0.034545280039310455,0.0348784364759922,-0.17755375802516937,-0.18173207342624664,-0.11172504723072052,-0.16478173434734344,-0.3122359812259674,-0.0833689421415329,-0.1575123518705368,-0.0053138937801122665,-0.2618548572063446,0.15488684177398682,-0.1438591182231903,0.11553996801376343,-0.2093939632177353,-0.10707318782806396,-0.03324107825756073,-0.08990185707807541,-0.015930447727441788,0.20685996115207672,0.1874106377363205,0.05927905812859535,0.14726828038692474,-0.149237260222435,-0.15939141809940338,0.05087699741125107,-0.04252864420413971,-0.026267675682902336,-0.070513054728508,-0.027689466252923012,-0.09744736552238464,0.15291167795658112,-0.13098753988742828,-0.1549253612756729,brain_frontal_cortex_ba9
757,-0.22211652994155884,0.19712193310260773,0.036047860980033875,0.2581287920475006,-0.12697549164295197,-0.1261817365884781,-0.3115520179271698,0.35444191098213196,-0.208258718252182,0.0017395319882780313,-0.08291619271039963,-0.0731266438961029,0.07910852134227753,-0.09688928723335266,0.4073053300380707,-0.16781720519065857,-0.34617990255355835,0.09000289440155029,-0.10952330380678177,-0.2468385398387909,-0.023500218987464905,0.04257374256849289,-0.01298966258764267,0.09454381465911865,-0.5124839544296265,0.19665127992630005,0.26685211062431335,0.2108573466539383,0.08206899464130402,0.24949678778648376,0.13030187785625458,-0.09895891696214676,0.27359750866889954,0.2695944011211395,-0.021276669576764107,0.19198079407215118,-0.027773693203926086,0.0563979409635067,-0.4439956545829773,0.3174232244491577,0.032254207879304886,0.006520891096442938,0.029566336423158646,0.049406908452510834,-0.043990712612867355,0.14610521495342255,0.009931194595992565,0.0848967507481575,-0.0996115580201149,0.013500994071364403,minor_salivary_gland
1457,-0.07369686663150787,0.19980821013450623,0.30563613772392273,-0.09407013654708862,0.3007216453552246,-0.2148221731185913,-0.2623595893383026,-0.12185943871736526,-0.2541882395744324,-0.08329285681247711,0.15447404980659485,0.12220525741577148,0.11246255785226822,0.014379678294062614,0.08904822915792465,-0.07998766005039215,-0.0114125432446599,0.07422035932540894,0.008488844148814678,-0.1924179494380951,-0.13241852819919586,0.1212024912238121,0.06842836737632751,0.27581787109375,-0.23564137518405914,0.1213102638721466,0.08002316951751709,0.032117538154125214,0.12943975627422333,0.26376715302467346,-0.23562045395374298,-0.08182115107774734,-0.05232233926653862,0.13330945372581482,-0.06525450944900513,0.20995667576789856,0.2753724455833435,0.24652978777885437,-0.2207149714231491,0.10108371824026108,-0.03738604113459587,-0.12780112028121948,0.1637430489063263,0.33930256962776184,-0.1438266485929489,0.030316725373268127,0.18070387840270996,0.16989731788635254,0.18099987506866455,-0.08099190890789032,stomach
693,-0.08098732680082321,0.32688263058662415,-0.028045786544680595,-0.2192850261926651,0.37436866760253906,-0.033741384744644165,0.25420907139778137,0.05239925906062126,-0.2625223994255066,-0.14922432601451874,-0.11496960371732712,0.025565948337316513,-0.1821986585855484,0.11775194853544235,0.08405978977680206,-0.12494710087776184,0.09103944152593613,0.29618167877197266,-0.00594488438218832,0.008666438981890678,0.15847665071487427,-0.08190837502479553,0.05552312359213829,0.2297014594078064,0.15376093983650208,0.2966141700744629,-0.03852471336722374,-0.3452492356300354,0.2790513336658478,-0.04657432436943054,0.02092985063791275,-0.22641023993492126,-0.24545446038246155,0.13929107785224915,0.00456460565328598,0.003096511121839285,-0.012092329561710358,0.22086557745933533,-0.004009572323411703,-0.036458201706409454,-0.036212123930454254,0.16285249590873718,-0.23736174404621124,-0.22067773342132568,-0.16199806332588196,0.3134613633155823,-0.1353541612625122,0.11162371188402176,-0.30011218786239624,0.15833163261413574,cells_cultured_fibroblasts
531,0.08663593232631683,-0.004878588952124119,0.04597426950931549,-0.1137566864490509,-0.20911212265491486,-0.004812725353986025,0.040672194212675095,0.09325461089611053,-0.0039014481008052826,-0.12582801282405853,-0.04957873001694679,-0.06821256130933762,0.05470016598701477,0.07626580446958542,0.03338879719376564,0.010726400651037693,-0.019571509212255478,-0.07316955178976059,0.09570164978504181,-0.1750631183385849,0.04711054265499115,-0.07431741058826447,0.011934233829379082,0.08355880528688431,-0.0330757237970829,0.04286838322877884,-0.04054855555295944,0.050706248730421066,-0.07250095903873444,-0.45786789059638977,0.215995654463768,0.1083054170012474,0.05582886561751366,-0.06014057993888855,-0.046690065413713455,-0.08057315647602081,-0.27074334025382996,-0.03564371168613434,0.05086454376578331,0.03687006235122681,-0.1085609495639801,-0.0836278423666954,0.0332474485039711,-0.17866407334804535,0.027570975944399834,-0.05288063362240791,-0.14472879469394684,-0.14663659036159515,-0.08691561222076416,-0.10900376737117767,breast_mammary_tissue
256,0.0792507529258728,0.05905637890100479,0.0013664448633790016,-0.02042052149772644,-0.0027969086077064276,0.003896950278431177,0.379827618598938,-0.058950792998075485,-0.17646844685077667,0.13031615316867828,-0.13601940870285034,-0.08770091086626053,0.06299203634262085,0.10354498773813248,0.16628557443618774,0.07043826580047607,-0.11920202523469925,0.10463456064462662,0.12614911794662476,0.18282321095466614,-0.007952661253511906,0.09195612370967865,-0.09380324184894562,0.36504292488098145,0.1685676872730255,0.15349839627742767,-0.14817196130752563,-0.3418976962566376,0.2866189777851105,-0.03328773006796837,0.041441403329372406,-0.1299724131822586,-0.2112545520067215,-0.15270066261291504,0.05452937260270119,-0.016924552619457245,-0.3079714775085449,0.014444387517869473,-0.2619542181491852,0.049255456775426865,-0.0664968267083168,0.012746935710310936,-0.008720817975699902,-0.1103537380695343,0.1895948350429535,0.2015761137008667,0.2523297667503357,0.004579136613756418,-0.23745930194854736,0.23044486343860626,artery_tibial
947,-0.20904088020324707,0.01676308922469616,-0.24126362800598145,-0.0677109956741333,0.09707069396972656,-0.07346436381340027,0.045868679881095886,-0.11226378381252289,-0.05658439174294472,-0.15410387516021729,0.1908462643623352,0.18614187836647034,-0.10193497687578201,-0.14195616543293,-0.050344470888376236,0.0920061245560646,0.3100670278072357,0.030755171552300453,0.1509322226047516,-0.2025231420993805,-0.0575924813747406,-0.12843850255012512,-0.07219704985618591,0.02724427729845047,-0.2371499240398407,0.08645381033420563,-0.13055412471294403,0.11721443384885788,-0.13865989446640015,0.05576765537261963,-0.07761100679636002,-0.0002427221625111997,0.003519620979204774,-0.08982918411493301,-0.09600566327571869,0.03874863311648369,0.23194023966789246,0.06747087091207504,0.11216843873262405,-0.12446703016757965,0.14738629758358002,0.25037503242492676,-0.1545621007680893,0.18715614080429077,-0.040945328772068024,-0.015216821804642677,-0.21512019634246826,0.0849074050784111,-0.03801331669092178,-0.03578978776931763,brain_nucleus_accumbens_basal_ganglia
922,-0.17344634234905243,-0.010396144352853298,-0.10349369049072266,0.0005846628919243813,0.09426599740982056,0.0015493641840294003,0.11968304216861725,-0.02705276757478714,0.08351505547761917,-0.26175692677497864,0.0971427708864212,0.15755747258663177,0.205020934343338,-0.2584339678287506,-0.01846613734960556,0.15516161918640137,0.30129966139793396,-0.05431227385997772,-0.004465174395591021,0.02002542093396187,-0.009397339075803757,-0.21704386174678802,-0.2571317255496979,-0.01693073846399784,-0.14794433116912842,-0.03983135521411896,-0.19188690185546875,0.044980719685554504,-0.5354953408241272,0.19687959551811218,-0.004237292800098658,-0.12423846125602722,0.0973387137055397,-0.33938124775886536,-0.4159334897994995,0.08148029446601868,0.18460631370544434,-0.05987880751490593,-0.22962932288646698,-0.16207237541675568,0.20844851434230804,0.19063644111156464,-0.09157294034957886,-0.021738259121775627,-0.18283532559871674,0.028703732416033745,-0.14234349131584167,0.09866030514240265,-0.08197597414255142,-0.07488526403903961,brain_nucleus_accumbens_basal_ganglia
545,0.07398361712694168,0.02090618759393692,-0.2633671462535858,0.05444919317960739,-0.22111643850803375,0.043936751782894135,-0.1924617737531662,0.23376454412937164,-0.03093259036540985,-0.03182889521121979,-0.039857860654592514,-0.06931944191455841,-0.16391775012016296,0.020035801455378532,0.09343108534812927,-0.030976369976997375,-0.14337268471717834,-0.07414744794368744,-0.0693347305059433,0.015515122562646866,0.0014942490961402655,-0.11561726778745651,-0.09834704548120499,0.18010669946670532,-0.04724259674549103,-0.09640218317508698,0.10826194286346436,0.08016941696405411,-0.014390021562576294,-0.24875633418560028,0.05892852693796158,0.0782860592007637,0.060666363686323166,0.1327236294746399,0.0905296579003334,-0.008367234840989113,-0.1147744432091713,-0.25999438762664795,-0.08967552334070206,0.03114902600646019,-0.1468304544687271,-0.12233655154705048,-0.14870519936084747,-0.21627359092235565,0.04171738028526306,0.10033833980560303,0.06948734819889069,-0.21247808635234833,-0.27814435958862305,0.05129401013255119,breast_mammary_tissue
1348,-0.1981678605079651,0.04927422106266022,0.0639585480093956,-0.35025328397750854,0.26659145951271057,-0.11054482311010361,-0.14011746644973755,0.056394871324300766,-0.12766341865062714,0.20042140781879425,0.03319763019680977,-0.04692012444138527,0.19127829372882843,0.14633755385875702,0.013729670085012913,-0.08798143267631531,0.03277334198355675,0.12957170605659485,0.10174046456813812,0.02430550754070282,0.3371838629245758,0.07467053085565567,0.07896935939788818,0.06233566254377365,-0.19747693836688995,0.3011934757232666,0.09417828172445297,-0.12146656960248947,0.08466260135173798,0.218444362282753,-0.0011248682858422399,-0.08855679631233215,0.12448985129594803,-0.09768567234277725,0.10834132879972458,0.06864138692617416,0.09583791345357895,0.14254063367843628,-0.08156436681747437,-0.04487375542521477,-0.014490362256765366,0.005651913117617369,0.10547330230474472,0.15204861760139465,-0.06637328863143921,0.34029218554496765,-0.010522197932004929,-0.15811066329479218,-0.15298019349575043,-0.11104870587587357,esophagus_mucosa
1734,0.07300489395856857,-0.023668887093663216,-0.34484195709228516,-0.16416946053504944,-0.19880126416683197,-0.018001394346356392,-0.3709524869918823,-0.03191276639699936,-0.0015646913088858128,0.007321302779018879,0.14062614738941193,0.014764852821826935,0.055732157081365585,-0.07699165493249893,-0.0015844618901610374,0.0795130655169487,-0.07460189610719681,0.0258219912648201,0.041380010545253754,-0.1603783369064331,-0.06803961098194122,-0.1655852198600769,-0.13262933492660522,-0.13796408474445343,-0.303663432598114,-0.03126705810427666,-0.12103559076786041,0.1269366443157196,-0.21059878170490265,0.08530879765748978,-0.04672033712267876,0.16435101628303528,0.10762211680412292,-0.07534359395503998,-0.15365912020206451,0.4274911880493164,0.10538561642169952,-0.11551138013601303,-0.029758865013718605,-0.16583657264709473,-0.05301235616207123,0.053695548325777054,-0.06102366000413895,0.2078244537115097,-0.12112782150506973,-0.004905685782432556,0.03171512112021446,0.04490795359015465,-0.09262222051620483,-0.1693750023841858,pituitary
1247,-0.060520049184560776,0.025385523214936256,0.1292097568511963,-0.13494427502155304,0.03598088026046753,-0.1425332874059677,-0.06504791229963303,0.011071452870965004,-0.18902142345905304,0.12214794754981995,-0.03817662596702576,0.11132105439901352,0.047480691224336624,-0.11560426652431488,0.2687857449054718,0.09771689772605896,0.09858047217130661,0.2039017677307129,-0.1441115438938141,0.13684019446372986,-0.0448014959692955,-0.034639131277799606,-0.13967710733413696,0.13226015865802765,-0.10006227344274521,0.17958733439445496,-0.05411078408360481,-0.10115431249141693,-0.0053377761505544186,0.10835226625204086,-0.240940123796463,-0.20407328009605408,0.028093896806240082,-0.08713439851999283,-0.079135462641716,0.07458895444869995,0.0991063341498375,0.1650591343641281,0.04410985857248306,-0.03393901139497757,-0.09382832050323486,0.05643206462264061,0.11523531377315521,-0.01808893494307995,0.03515787422657013,0.08140867948532104,-0.07846806943416595,0.23090368509292603,-0.24724261462688446,-0.1131381019949913,pancreas
411,0.06316955387592316,0.06159980967640877,0.17105764150619507,-0.08840958029031754,-0.03260946646332741,0.16567528247833252,0.037503018975257874,0.14620840549468994,-0.019051281735301018,-0.22920019924640656,0.019165903329849243,-0.12180905044078827,0.17534711956977844,0.09409673511981964,-0.04163844510912895,-0.07339116185903549,-0.08922472596168518,0.1697588562965393,0.22765183448791504,0.012732962146401405,0.04150046035647392,0.11811791360378265,0.09052249044179916,0.08284079283475876,-0.025030432268977165,0.08291193097829819,0.015767604112625122,0.13420403003692627,0.024329375475645065,-0.04703109338879585,0.21338482201099396,-0.12623275816440582,-0.2988235652446747,-0.05343951657414436,0.07862681895494461,-0.09625561535358429,-0.019927848130464554,0.16543203592300415,-0.11563106626272202,0.13331195712089539,0.0009871270740404725,-0.12459836900234222,-0.1437637209892273,0.08012255281209946,0.1527150571346283,-0.1350044310092926,0.2384924590587616,-0.05796216055750847,-0.010625755414366722,-0.09980029612779617,heart_atrial_appendage
1213,0.33180341124534607,0.10004813224077225,-0.15626902878284454,0.14724907279014587,0.19273127615451813,0.03844940662384033,0.0946451872587204,0.34949618577957153,-0.003494195407256484,0.07117293030023575,0.17544740438461304,-0.3046191930770874,0.16454672813415527,0.16603398323059082,0.030386853963136673,-0.010780774056911469,-0.18452472984790802,0.056719277054071426,0.04457172006368637,-0.3648710548877716,-0.029529578983783722,0.24967187643051147,0.010170543566346169,0.04749755188822746,0.0960160344839096,-0.004038609564304352,0.1268703043460846,0.0135264303535223,0.15991587936878204,-0.05638297647237778,-0.08931765705347061,0.1143358051776886,0.12700752913951874,-0.08690827339887619,-0.03536319360136986,0.028517913073301315,-0.3009517192840576,-0.07658972591161728,-0.2506641745567322,0.03483426570892334,-0.09863951802253723,-0.19581471383571625,0.04605165123939514,0.290347695350647,0.15745005011558533,-0.15850387513637543,0.0039039654657244682,-0.214486762881279,0.05296666920185089,-0.12152912467718124,lung
99,-0.03775188326835632,-0.07011262327432632,0.09402422606945038,0.18830500543117523,0.0014428161084651947,0.16714902222156525,0.07878870517015457,0.1404474526643753,-0.016606638208031654,0.061755530536174774,-0.05126931518316269,-0.26422828435897827,-0.13305211067199707,0.06137215346097946,0.013267329894006252,-0.01628829352557659,-0.02184057980775833,-0.14607562124729156,-0.19562599062919617,-0.07657875120639801,0.12336863577365875,0.04931142181158066,-0.0718168318271637,-0.19825232028961182,0.053917258977890015,-0.07068327814340591,0.04533177986741066,-0.11645239591598511,0.11961594223976135,-0.11907048523426056,0.11163267493247986,-0.0054616546258330345,0.0815381184220314,0.081562839448452,0.03760948404669762,-0.1278497278690338,-0.25010794401168823,-0.15354925394058228,-0.10754092782735825,-0.033420417457818985,0.0051961797289550304,-0.07296384125947952,-0.16813616454601288,-0.26977333426475525,0.26168355345726013,0.28144294023513794,0.09514365345239639,-0.033983394503593445,-0.21224866807460785,0.04528932273387909,adipose_subcutaneous
1477,0.021575167775154114,-0.028317319229245186,0.00801245216280222,-0.15636257827281952,0.0937008261680603,-0.08022056519985199,0.22294564545154572,-0.15570028126239777,-0.08876091986894608,-0.25123199820518494,0.177393838763237,-0.041244395077228546,0.03634476661682129,0.022801445797085762,0.028026346117258072,0.036600612103939056,-0.04111599177122116,0.062063924968242645,0.2578071355819702,0.1788908690214157,-0.04008951410651207,0.08378556370735168,0.07425317913293839,0.0199813861399889,0.025357620790600777,0.20262444019317627,-0.0126953711733222,0.032560911029577255,-0.027643155306577682,-0.31443071365356445,-0.11914687603712082,0.052935004234313965,-0.22608864307403564,0.1307043880224228,0.0025077711325138807,0.007008793763816357,0.10641941428184509,0.07249507308006287,-0.0412924587726593,-0.29282838106155396,0.0757482498884201,0.019442202523350716,0.08563366532325745,-0.056554991751909256,-0.051169756799936295,-0.1795983463525772,0.13757848739624023,0.03968103602528572,0.05615738779306412,-0.05061265826225281,colon_sigmoid
